{"cameraMode":{"drawMode":0,"name":"Shaded","section":"Shading Mode"},"sceneLighting":false,"audioPlay":false,"sceneViewState":{"showFog":true,"showMaterialUpdate":false,"showSkybox":true,"showFlares":true,"showImageEffects":true,"showParticleSystems":true},"in2DMode":false,"pivot":{"x":282.30499267578127,"y":156.95849609375,"z":94.31746673583985},"rotation":{"x":0.019207803532481195,"y":0.008409509435296059,"z":-0.0001548667933093384,"w":0.9997801184654236},"size":572.9301147460938,"orthographic":false}