{"cameraMode":{"drawMode":0,"name":"Shaded","section":"Shading Mode"},"sceneLighting":false,"audioPlay":false,"sceneViewState":{"showFog":true,"showMaterialUpdate":false,"showSkybox":true,"showFlares":true,"showImageEffects":true,"showParticleSystems":true},"in2DMode":false,"pivot":{"x":369.370361328125,"y":183.0741729736328,"z":8.225381851196289},"rotation":{"x":-0.017688773572444917,"y":-0.010188045911490918,"z":-0.00017250343807972968,"w":0.99979168176651},"size":287.2470397949219,"orthographic":false}