{"cameraMode":{"drawMode":0,"name":"Shaded","section":"Shading Mode"},"sceneLighting":false,"audioPlay":false,"sceneViewState":{"showFog":true,"showMaterialUpdate":false,"showSkybox":true,"showFlares":true,"showImageEffects":true,"showParticleSystems":true},"in2DMode":false,"pivot":{"x":1.335237979888916,"y":0.18218716979026795,"z":-3.9314827919006349},"rotation":{"x":0.12704086303710938,"y":-0.6998132467269898,"z":0.12865708768367768,"w":0.6910639405250549},"size":27.904605865478517,"orthographic":false}