{"cameraMode":{"drawMode":0,"name":"Shaded","section":"Shading Mode"},"sceneLighting":false,"audioPlay":false,"sceneViewState":{"showFog":true,"showMaterialUpdate":false,"showSkybox":true,"showFlares":true,"showImageEffects":true,"showParticleSystems":true},"in2DMode":false,"pivot":{"x":343.6560363769531,"y":204.20074462890626,"z":28.186767578125},"rotation":{"x":0.013208550401031971,"y":0.009910233318805695,"z":-0.0001247515028808266,"w":0.9998636841773987},"size":610.3617553710938,"orthographic":false}